,model,accuracy,precision,recall,f1,tn,fp,fn,tp
logreg,Logistic Regression (baseline),0.5312,0.5519662921348315,0.5954545454545455,0.5728862973760933,271,319,267,393
rf,Random Forest (main model),0.5264,0.545822102425876,0.6136363636363636,0.5777460770328102,253,337,255,405
